corrected_tweet,class
as a woman you shouldn't complain about cleaning up your house amp as a man you should always take they trash out,2
boy date coldtyga own bad for coffin dat hoe in they st place,1
dawn you ever fuck a bitch and she start to cry you be confused as shit,1
she look like a granny,1
they shit you hear about me might be true or it might be faker than they bitch who told it to a,1
they shit just blows reclaim you so faithful and down for somebody but still fucking with hoes,1
i can not just sit up and hate on another bitch i got too much shit going on,1
cause in tired of you big bitches coming for us skinny girls,1
amp you might not get a bitch back amp that that,1
hobbies include fighting maria bitch,1
weeks is a bitch she curves everyone low i walked into a conversation like this sch,1
munda gang bitch its gang land,1
so hoes that smoke are losers yea go on in,1
bad bitches is they only thing that i like,1
bitch get up off me,1
bitch nigga miss me with it,1
bitch ply whatever,1
bitch who do you love,1
bitches get cut off everyday a,1
black bottle amp a bad bitch,1
broke bitch cant tell me nothing,1
cancel that bitch like nine,1
cant you see these hoes wont change,1
fuck no that bitch done even suck dick they kermit videos bout to fuck in up,1
got a bitch tip toeing on my hardwood floors,1
her pussy lips like heaven doors,1
hoe what its hitting for,1
i met that pussy on ocean or i gave that pussy a pill,1
i need a grippy bitch who fuck on hennessy,1
i spend my money how i want bitch its my business,1
i text my old bitch my new bitch pussy wetter,1
id say in back to they old me but my old bitches would get excited,1
if you int bout that murder game pussy nigga shut up,1
if your toes int done you pussy stinks,1
in done with bitter bitches its a wrap for that if you a angry bird there a app for that,1
is that a bitch,1
it int nothing to cut a bitch off,1
jus meet son now he a mane ass bitches shots,1
lames crying over hoes that tears of a clown,1
like snoop said in we done love these hoes,1
mommy said no pussy cats inside my doghouse,2
most hated but they hoes favourite my sevenone,1
nice girls bad make me get naughty bad yellow hoe real nice body down south chick like pm real thick,1
pimps up pimps up hoes down future voice,1
post a picture of that pussy get likes,1
pussy is a powerful drug happyhumpday,1
quick piece of pussy call it a drive by,1
running round here like some brand new pussy that bout to get fucked,1
these bitches even worst they'll send them guys for you,1
these hoes like niggas that spend money not talk bout it,1
we done trust these niggas all these bitches,1
all niggas a cuffing hoes cause all int never have bitches,1
you dodge a bullet all a bitches i cut off pregnant or bound to be thank god,1
young pill chamberlain these bitches love my music,1
deanna trump probably cleaner than most of these twitter hoes but,1
gay niggas couldn't wait to act like bitches tonight,1
and mia steal his cat a replace it with a pinball he a bitch you should do it,1
amp hes gone always be a hoe,1
son of a bitch took my tic tags i like this movie,1
all i wanna do is get money and fuck model bitches russell simmons,1
i probably wouldn't mind school as much if we didst have to deal with bitch ass teachers between,1
in a fucking fag they said,1
females think dating a pussy is cute now how does doing this stuff make him a pussy,1
simplyaddictedtoguys woof woof hot sally lad,2
have a ever asked your bitch for other bitches kane voice yes,1
how a gone bring or side bitch to a game where you know a of friends at i swear,1
woof woof and hot soles,2
lemme eat a oreo amp do these dishes one oreo low,2
bitch fuck a maybe you'll get better just,1
fuck red malone man bitch ass nigga could you please use complete sentences,1
why they eggplant emo does he say she looked like scream lao,2
hennessy venom it that one sexy bitch,1
him see me pussy wetter then a shower curtainahmesehwetnessltlmao,1
eaglesnation and every eagles need to see that pic i just posted because that bitch just said they most racist shit,1
to fuck skateboarding all all some wood pushing faggots man ball is life,1
baby monkey bathtime a this is soon adorable,2
i int shit damn skippy low,1
a ever kill a ant on they sidewalk and think damn what if that nigga was on his way to get some pussy is must a chance,1
rings maps bitches low,1
pal talk bad about they ghettohood but as a kid growing up a nigga had funnnnnnn,1
they facts on tattoostattoo hes a pussy with not tattooing them nipples,1
bitches be wanting to act like niggas so bad that shit int cuteeeee but niggas act like bitches,1
get worshipping bitch woof woof,1
wow in lost are those buttcheek piercings yeah shes a hoe,1
of sis shed rather be a broke bitch shrugs shell have to tell me how it works for her,1
queer galway,0
faggot read my sweets after dat a it want even funny low,1
this bitch was so ungrateful for lulwhore,1
i been kidnapped to bitch,1
alsarabsss hes a beaver sch you can tell hes a mexican,0
happy birthday pigs thanks to,1
when or teacher tells a that a have homework this bitch need to go,1
that nigga was eating that hoe low hell yea low john paul nigga said john paul,1
what would all oil ugly bald headed bitches do if they stop making makeup amp weave,1
leafs better win this damn game so i can go riot and shit earlychristmas you better start looting my big,1
going back to school sucks more dick than they hoes who attend it,1
on my way to fuck to bitch me as a year old,1
how come you never bring me food i done have a car retard,1
if richnow doesn't show up with hello tinder hoes in not his friend anymore chill i brought like like people,1
how bout them cowboys setup pussy,1
lmaooooooooooo this nigga bitch want likes for some depressing shiloh,1
girl you know i was spitting that a shit to you amp you was going lbvsbitch ply,1
let me make a couple sweets off cuzco page so i wont get in twitter jaillmao bitch done trick me again,1
harlem shake is just an excuse to go full retard for seconds,1
amen miles but she done need to act like a hoe just by shes emotionally damaged for,1
having one loyal female is wayyyyy better than having hoes id,1
pussy licking pussy meow meow stopwhitepeople,1
check out our to man cowboysnation even with all those faggot by fans in they stands,1
what happen to them vixen end bitches they got ran and threw to they side like a foothill bitch,1
in they bitch okay nudes pat wow,1
your fucking gay blacklisted hoe holding out for tehgodclan anyway,0
they fuck be wrong with these bitches nobody knows,1
all shut up make me bitch,1
i hate a in pregnant type of bitch,1
got bitches in they do but i done ever reader which is a your top,1
baseball season for they win yankees this is where they love started,2
little stupid as bitch i done fuck with yoooooouuuu,1
she really asked me that dead ass serious tho all i could say was bitch sheet low,1
in an early bird and in a night owl so in wise and have worms,2
overdosing on heavy drugs doesn't sound bad tonight i do that pussy shit every day,2
pit bulls photographed as lovely fairy tale creatures they are fairy tale creatures,2
a fag done tweet a to me low,1
as long as they lakes trash from now on i could careless and that real cd yamaha,2
i didst say anything tho kiss me then faggot,1
this they i play soccer cheat on girls and wear khaki coloured cargo haircut yup,2
i could go for a fat ass bitch on my lap same,1
missed calls as to to bitch twitter fiona be scream freemoneymelle,1
a side bitch gotta know its rules to this shitanybody ask you my cousin from jersey thinking bout moving lmmfao,1
am los pies fuck yeah,1
these hoes be thinking meat wont slap they ass anna brush,1
all bitches wit no edges be doing they most talking,1
all still going trick or treating this year or nahhell yeah mia be a sweet tooth bandit steal bitches bags a shit,1
i wanna have sex with my mon fuck her right in that pussy where i came from damn you got hacked like fuck,1
if she kiss a with her eyes open watch that bitchlmfao,1
you a would could should ass hoe,1
happy day bitch ass nigga appreciate that bitch roll up,1
used to send that bitch up,1
ugly bitches be like in my own wow duh bitch you int nobody else,1
nigga you know we hack sack hoes nah i throw no look passes lao,1
glad in getting outta atlanta nothing but a bunch of niggas in amp outta jail amp dumb bitches with mad kids fucking pm,1
this int ghettos smart in doing this id,2
i would wife a hoe only cut we wouldn't care that we cheating in each other why force they relationship in they first place,1
being single int an excuse to be a hoe,1
white boy power bitch black power bitch,1
lets get drunk get blower spit shit spark blunts amp fuck hoes bro white dudes have no chill,1
bitch where a been around they world and back where you been,1
if i done get my dick sucked at to party by a bad bitch in for gone set it off by,1
oof is soon cute but he probably has hoes on him a lot,1
in every cartoon theirs always a saving these hoes lao lao damn captain saveahoe,1
who wants to get there nose in these bad boys then sally chat sockfetish stinking hot so and legs,2
i wish i was a bitch like my brother key ooooow i bet you do,1
if you dressed up as a cat for halloween you are basic or a pussy,1
can pornhub just get a gaming stream feature so these dumb bitches can to get on it patient,1
stop being scared to choke her during sex a bitch ass niggas shell like it says they guy who hits women out of bed for,1
a well guess i make them hoes loyal bro they'll never be loyal that a they hoes my big,1
of man its am you off a molly to where they fuck a seed at fixed,1
your not a man if you refer to every girl as a bitch,1
lao this cat started beating they shit out of me my nigga finally got some pussy my nigga,1
peel up peel up bring it back up rewind back where in from they move shaw from they line ooooow who of said that trash,2
to to all record to vine said be hahahaha low anywaaaaaays hama,1
new its my old tape new cover my upcoming mistake is kingofthehill yeah in waiting on that hoe maybe,1
of dirty foot ass bitches this was too funny to me,1
that where i get my yellow flags for being amazing hell yeah nigga,1
done got time for bitches to be actin iffy,1
ucfpinkparty come on stay alive knights nation this is still they early bird special comeatmeut,2
these hoes int loyal no they int such amp wonder why nobody decent wants them,1
brush you studs keep thinking in soft as hell ask a girl how many times she screamed she was my bitch of okay stu bye hoe,1
dry pussy bitches always blame it on they condom,1
shut to bitch ass up,1
gucci mane in jail and dropping mistakes every month and you hoes cant even text back,1
you love these hoes more then money was wrong these niggas,1
a loyal bitch from they burbs without daddy issues is like finding a holographic metro sounding like me over there low,1
easy cum easy hoe that a fact,1
charlie sheen is too real major fucking respect for charlie sheen,1
wish i had a be you got all they hoes tho,1
fuck tweaking bitch can you cook,1
bitch whf,1
shut up zoe fight me pussy for zoe in good man you are good mama move along now,1
lao fucking snake bitches pm,1
big booty hoes everywhere shoes damn,1
stay tuned to for an update on they report that a will be out weeks bum,2
i play soccer cheat on girls and wear khaki coloured cargo haircut yes lao,2
oregon chokes every year get off they field trash ass program rat,1
def not cowboy low terrell owens was they best eagle amp cowboy ever dude cried like a bitch on to over room,1
lmfaoooo i hate black people this is why there black people and niggers,0
how could a do this to me bitch potent,1
a pissed lad past out i would lick his dirty soles while he slept,2
love frat boy a soft long soles,2
sexy lad with hot soles and arches,2
nah fam i gotta cheat with they hoes depends on they female i feel,1
i got hicks low,2
this new twitter is confusing they shit out of me go back to south america bitch,1
toto means ass or vagina think pussy cause toto anti is like nasty pussy,1
but what if he actually does choose they ugly bitch over you her ass must be fat,1
bitch couldn't kill my vibe if a tried dis why i love miles,1
in tired of bitches saying i look mean nigga you big of wear tight shirts and grim everybody,1
birds your grandkids may never see thanks to climate change climate,2
stay beautiful you bitch,1
wutkinda a purple ceeeleeeman this girl was jus playing on they stupid hoe track but in still shifted on sum girls,1
money getting taller and bitches getting blurry,1
i int never seen a bitch so obsessed with they nigga in obsessed with mine,1
kobe stay talking trash but lets not forget i meant to do this one sch,1
at least in not a nigger lao,0
people always asking me what in mixed with she a bad asian bitch low,1
aria is a snake and a coward but at least he int a cripple like your hero roach laos,0
fosters home for imaginary trash whoa chill that show was everything of,2
i am lower tired if you tired be quiet and go to sleep hoe,1
stop bringing weird niggers into my mentions,1
we done love these hoes,1
if to girl cant have homeboys you a of weak bitch ass nigga,1
i think worst advice i gave you was done be a pussy and speed up low,1
quote this tweet with your favourite animalpussy,1
i hate when strippers tell you there dancers hoe ballet dancers done pop their pussy to beethoven you a stripper,1
andrewbryant off has double vision after beers off double pussy sch,1
when bitches tweak on they computer me in a in a damn,1
prince this is art nobody takin his bitch,1
of welfaregovernment aid is claimed by white people so all black slander is trash now,2
these bitches done care they just play that role,1
it took a while for you to find me but i was hiding in they lime tree dis bitch in a wrong tree bro,1
drakes new shoes that will be released by nikejordan yes there glitter on they shoes dudes a fag,0
inn i ghetto you alone laos,2
hoes austin teach us austin teach a how to get curved that all i know,2
bitches cant cook but know how to suck dick so to they ones that can do both,1
fat hoes get chose low,1
hoesaintloyal well there fresno one expects them to be loyal,1
of bitch ass,1
brush in tired of niggas retweetin miles cyrus naked that bitch int no types of bad magoo,1
just because tony room at they maps game done mean he still not a bitch lao fun them cowgirls low bitch fuck you,1
holy shit freddie highmore was in charlie and they chocolate factory me rolls on they floor laughing,1
i done want to have sex with my of because i feel like in using her anonymous what faggot,1
one of your followers with this somebody bitch if you done,1
if a bitch always bitching clearly she care or just an annoying bitch,1
these catfish hoes thinking they slick but niggas catching on,1
cant worry about a bitch that int worried bout me real,1
side hoes are for insecure niggas that cant handle a real one,1
lao this bitch come scooting in they tent like she about to fuck some shit up,1
my cousin said he share hoes with his brothers he said sharing is caring and he love his brothers,1
in hungry but inn wanna spend my money on foodbroke hoe problems,1
desk hoes be lynn to all of us nigga,1
of yeah fuck that bitch,1
eli manning just threw his nflleading to interception of they season lao trash,2
us senior re anthony brown calls head coach steve parisian a racist and quits team hes a bitch,2
guess what i also have zero time for your mansplaining adios stu pussy,1
chilling sexy sally lad,2
i int sharing no bitch if you mines you mines,1
money only impress they simple broke bitches,1
pisces will never be anybody bitch they done let people control or change them rigghhht,1
turku to id blah blah blah,2
in not mad cut yamaha sure turku to it,2
these hoes is crazy,1
you int ever gonna be a slice bitch kevin hart,1
oof so fucking fine tho dam her done be no bitch,1
i wonder if they girl that gave head to boys for a drink in makalu has twitter she problem sends nudes for fags,1
newsatquestions yeah bitch yeah bitch call me a maybe a steve a later a jesse hickman,1
dickies in between her thighs right by her pussy gtgtgt its only right,1
would you still love me when in no longer young and beautiful no ugly monkey ass,1
all come through they frontbench i int coming,1
faggot bitch,1
yea in on my ipad i done work this friday lets ball this faggot up i work,1
this sally lad would get it,2
gerryshalloweenparty halloween was yesterday stupid nigger,0
chris still upshot tho walks up to teacher with test drops test in that bitch head,1
i love eating pussy low i never get full low i can eat that shit forever low and ever,1
no slashes hoes nasty anyway father hoes taste like beds,1
no slashes hoes nasty anyway fam,1
bobby bitchy be getting me live as fuck hell yea i play that hoe before my workout,1
to bitch is gucci mane my bitch a stoner,1
i can ride your bitch with no handle bars,1
and if you int a hoe get up out my traphoussseeeee,1
sad to character deaths were still bitter over stark was they man,2
these harbour bitches are all party bus hoes low all,1
pussy love it,1
ultraviolence video its coming you little bitch mtvhottest lana del re bitchy promo,1
on my way to fuck your bitch lao kittycopter,1
a smuggler explains how he helped fighters along they jihad highway,2
awe their avis look so cute together do i gotta get ike ave on this bitch,1
its simple done be a hoedown worry about being exposed fight why,1
whys this bitch boosting herself her size int exactly they most healthy tho,1
bet not be no bitches kim bye,1
damn near gotta protect my sweets stalkers being annoying you got that dope dick drive these bitches loco,1
in making barack my girlfriend aye a you pulling hoes just like of taught you,1
bruno fag boy you love me,1
i must be a bitch you are sike new this why we always beefing,1
down yankees look to rally in they bottom of they to rallycap,2
done take advantage of a nice person hoes everyman,1
happy birthday bitch nigga thanks pal,1
sad knowing that most hoes wont fuck with you by you int got stacks wait till friday,1
cisco shit harder fuck niggayee but you fuck wit rich homie cut date a homeboy fuck wicca,1
wow i said that last sundays in they last sunday i was there read it again pigs,1
i only punch real niggas in they face cause a pussy nigga is gonna punch me right back strong mush or shake,1
my pussy still fresh it something stank girls say,1
ass slapping is one they greatest things hama i slapped a girl on they ass she got mad i int get pussy for a week,1
yeah texans are so much better you fucking retard i see that your mad about this,1
and whf is up with dark bitches with blonde please have several seats hoe looking like blackampmilds out here,1
there a lane some bitches need to stay in they left a get right they fuck outta our face,1
i hate when boys deny that they have bitches sch,1
a pigs out there still saying all done eat butt with a straight face,1
in a boss ass bitch that needs to sit in a corner,1
hes a hoe i cant,1
me and paul thinking bout getting rentals for a weekend pooh shit bitches betta stay out a streets,1
bitches hold they nigga down when he get locked up but if a nigga go to college or they military its a different story,1
why do my friends hate me because you a ratchet hoe,1
no love for these fuck niggas hoes,1
hot meat sexy as fuck sally lad i would love to meet him and his trainers,1
sniff served up sally lad fuck yeah,1
these bitches love sosa,1
i legit watched it for about or seconds so did i whf prob cause were retarded sch,1
what should i name my cat ideas or pussy,1
woof woof sexy thug boy sally,1
a see they damn phone ringing when you married bitches makes demands you haven called me,1
kevin is my favourite sophomore i think hes so funny hes really not laos hes a little hoe,1
sex positions this what a call fucking they soul outta bitch,1
is bored supposed to be cute you faggot sometimes,0
one mans trash is another mans treasure,2
i done got no type bad bitches is they only thing i like iongotnotype,1
lassen cd they coach wants me i feel it you'll get more my big no doubt,0
god teeth gold chain white bitches cocaine,1
its me hoe its me hoe shhhhh,1
in do we call them rollers in chirac we call them shots all across america they have been known as a hoe,1
in gonna miss that bitch of a bus driver you wont done lie,1
hate when bitches try and put you in they friendzone bitch in trying to score put me in they endnote on my soul,1
ashley young has tried to deny that bird a landed in his mouth it yamaha,2
all both pimped up int that a bitch huh low,1
take me for a ride woof woof,2
of my god i love victoria mitchell all my bitches love me,1
that long distance shit wack i knew they bitch was cheating us of,1
hes doing it right no bitches sch,1
they ban dat pussy for life amp he gotta pay million dollar fine,1
roses are red and violets are blue and niggers are black you know that true,1
sitting on my window sill window open bird tries to fly in smacked it protecttheanimals,2
but a nigga on be a nigga be a nigga you sound fucking retarded,1
a video an entire media will likely mock i am such a crybaby,2
in not even shy stu wikis mon hi angelique angelique smiles dips cracker in soup,1
tim below got cut from every team he was on in they nil and he already got more hoes than me in sackville sch,1
karma is a bitch damn godprotectshisangels sips tea,1
fucking hot gym pussy fuck yeah,1
jihad patron hajj alarm is arrested at kuwait airport,2
you can call me fireman cause i turn they hoes on,1
i could never have a by by a oil dick this a i got a abortion by they last bitch of my god,1
watch women try to argue with me like they have a dick and actually fucked some pussy before i hate when bitches do that,1
and smoke weed in public fuck cops man do what you wanna do they done own you run if they come are you retarded,1
twenty bird tho,2
my pussy sweet like watermelon thotermelon,1
when twitter rappers do me their trash links,2
loud bitches annoy me,1
eventually every bitch turns into that hoe true,1
i swear if oof try talking to me tomorrow pussy,1
you bitches be pretending to be of crazy you int never lied,1
a bye hoe us bye,1
jackie a retard blondeproblems at least i can make a grilled cheese,0
mia keep on giving these pussy ass niggas a reason to hate,1
photo he is in sole heaven,2
stacey dash won baddest bitch vaasa,0
side bitch sunday,1
facts what hardheaded bitch made this shit lao,1
fuck wit us and then we tweaking hoe shmurda,1
we actin like its they to day spook,2
ill break that oil bitch neck and wont even feel sorry about it savage,1
this is so fucking hot sally sneakers sockfetish sniff trainers love me some kinky sallies,1
all dumb ass niggas be so pressed to have hoes all weak as fuck as fuck weed over hoes ores too,1
i can turn to bitch into a eaterrrrrrrrr,1
i done trust desk hoes nikki told st where i stay at all my fans screen shot asap we fiona come to chirac and shoot sun,1
aye all mia tryout for they bowling team for tryouts passed tho no there two more retard,1
now a got what a want bitch enjoy it now this is a crazy party i would love to attend,1
coloured contacts in your eyes blinders on mine cause i cant see you at all lao,2
facts only they dudes with hoes say they done got hoes,1
in re start smacking bitches period bluffing at its best,1
life a bitch and then you die that why we get high cause you neva know when your gonna go my sister is perfect,1
one of us is on drugs and its me but your still wrong hahahahahahah in a bitch sometimes,1
in feeling pretty fucking ghetto sch,1
swears in man easily easily behind austin nip,2
this is a true ride or die bitch what they fuck hahahahah,1
howells and charlie chaplin history photography,2
all i see is bruno bitch ass on my twitter now whf bruno all that she sees drake voice,1
in about to cool faggot chill of is cool nigga,1
in so sure bitch for of,1
twitter is not a source of news broadcast you fucking retards it is when by acc can fox etc are all keeping quiet,1
got a couple bitches saying they know me but mia let they money talk for me and in like way,1
grudges are for weirdosand bitches,1
i told maria to but cigarettes for her birthday you also called me trash in,2
brownies tonight what kind,2
no text back i done give a fuck ill text another bitch damn someone is hurt low,1
ummmmmm okay you got hoes from left to right do yah than,1
using mob to find they slope of that ass,1
fit lads nice gear these sally lads a trainers would get it,2
hell yeah bro fuck yeah sexy sally lad in hot gear,1
helping out a mate i love sally play fuck yeah,1
lads being lads fuck yeah i love sally lad action hot trainers too,1
next year bitches is gonna be like you gotta promise you wont expose me,1
so hot lick it bitch fuck yeah eat that trainer a dirty fucker,1
all think celebrity pussy different from they locals yeah meghan goods is,1
i saw an summa walk out in they beginning saying wow this is so trash that i cant even listen to it laos,2
need these so fuck yeah i love a kinky sally lad a rank so and sneaks,1
i done ever expose females like that that childish bitch nigga shiite,1
cases try new things with befriend bitch who do you love,1
dude remember this wop video org where did you find that,2
thick raw fuck damn his man pussy is getting a workout,1
raw my sexy french sally i love him frenchscally sexy sally woof woof,2
nothing in life is free some of you bitches need to write that on a panties,1
if one of you bitches want some of my burrito a can catch me at potosino huh hama,1
niggas whole hoes out here cut couldn't had said it better,1
hardcore way to eat mac and cheese boil water snort cheese powder drink boiling water fuck bitches,1
yourenotmytype if my fade is perpetually fresher than yours that a real ass bitch rite there,1
annoying bitch that i love judyanns so pretty,1
lao bitch got on some buggies,1
hi bitch no bitch bye bitch,1
does he look like a bitch,1
chase money not hoes,1
cant stand a i done know what i want ass nigga bitch,1
in on my way love a chariot sexy sally fucker,1
these newly gay bitches done no how shit works,1
when a bitch done want a real job they just become strippers low low,1
away meat meat in his feeling inn a my feelings bitch,1
i want snake bites my industrial piercing amp a tattooed hoe accessories de,1
baby albino,2
these hoes int loyal,1
yassssss ordered chinese bitch you just ate tacos you fat fuck,1
i made that bitch lunch bitches love lunch,1
a no trainer but as soon as this bitch gets rich in political power her views will change political whores,1
a pussy a day keeps they devil away,1
int that about a bitch what does that mean,1
all these bitches want a baby i done want no children,1
and bitch you must be lost,1
baby i like being on your left side no bitch you cant be there cut they street on that side and twitter said i int real if you do,1
be sounds like such a ghetto word use something else,2
batter they wee cunt jewish a cos he fucked my sex emma int battering they girls live nailedive moved nonstop being a pussy a do it ourself,1
bleed out hoe alex,1
booking in they band wit a few bitches,1
brownies for my brownie i love this movie,2
but i need a bad bitch that hotter than me might be they realist shit partynextdoor ever said that how i be feeling everyday,1
by they way we do punch bitches,1
caesar is home so much this bitch looks like lets start with ape shit,1
chinese maverick we were communicating comrade a know giving they imperialist yanks they birdie,2
dad say hi to my snapshot dad ducks bitch,1
do you believe these hoes are not in fact loyal i disagree with that i do believe they are in fact they loyalist bunchthese hoes,1
done know no ugly bitches done know no broke niggas,1
done make me make you fall in live with a nigga like meet they birds amp are my favourite songs by weekend,1
done worry about they nigga you see worry about they nigga you done see date a nigga fucking to bitch,0
done you ever give my pussy away you keep it tight alright,1
dropped a stack cause bitch in on song called dope download they mistake here,1
dumb bitches do dumb things,1
eat they pussy like a real nigga hungry,1
eff it lets go after they cripple,1
everything look better with a bitch next to it,1
fact who cares if you a hoe when your ass looks like this,1
for every bad bitch there is a nigga tired of fucking her,1
foreign chick no lie man that bitch beautiful,1
fresh nigga so you no i need a clean bitch who no in working cut i wanna see my team rich,1
fuck i make my own rules suck my dragon balls bitch call me roku,1
generate asci boxes with nodes all i see is they ability to bring flappybird in node via asci tubes and bird,2
get me that shit bitch you is fine bear,1
get your ass back to detroit a fucking bigger,1
girls that i dated its okay i int mad to unless you stabbed me in they heart no love hoe,1
how do you know my twitter password bitch please,1
have you seen my shows have you seen my hoes if i want hot would they be so thick,1
he a bitch for hitting that hoe,1
he married to a white woman lucky sumbitch uncle ruckus,1
he wanna be my nigga but in just trina be his savings account org emma funny ass bitch man but that real shit,1
her great grandmas a other grandmas a other mods and a hoe and shes a hoe its a long line of hoes grandpa carl everyone,1
hey go look at that video of they man that found they kidnapped girls in ohiowhat a nigger shitmybosssays,0
hey pussy you still there,1
how about we draft all those gunshot folks and send them to afghanistan or other war zones so they can show their,2
how hotter than is it a bitch,1
how a talking to hoes bout bro a pm why you talking to hoes bout bro a pm,1
how you doing crazy bitch is hilarious,1
i know my shoes dirty as fuck whatever bitch you done have to call like negro one of they first things they look at is shoes dog,1
i am a thrill billywith a hillbilly heart hahahahaha jesus murphy,2
i call him my bitch,1
i cant handle no liquor but these bitches cant handle needed chief sosa,1
i done chase after dudes i chase after bitches edgar batista,1
i done love these hoes baby its me and you forever,1
i done even need a picture of lamar that bitch is beat in every picture,1
i done have hoes,1
i found a new way to chug you have to open your mouth lot shitallysays,2
i fucking hate that bitch so much i wanna smack her in they face then tongue kiss her,1
i got a bitch set it off like java picketqueen latina you riding round with your nieces bitch you titi,1
i got a sister she told me stop calling women bitches,1
i guess this is they night bitches die stevie is that nigga,1
i had a bitch that had a bitch had they bitch eating halibut freshrhymes jerksquad slowstir,1
i have this ladylike shes married but i still wanna bang her she wont have sex with me what a bitch a troubadour probably,1
i heard you was looking for candy man bitch,1
i hope you done get mad ladies i only call you bitches bitches by i done know your names individually matt williams,1
i just got a number in a bitch boy,1
i know that shit latin grin you either just fucked they girl of your dreams or you sold a car we know your a faggot what you sell,1
i only be with older men cause there more mature that supposed to fool us bitch,1
i polly leave up out this bitch with my cups in my hand and to hand in my other hand,1
i said i done like it it tastes like wolf pussy what how do you even know what that tastes like,1
i taught myself how to eat pussy and cut my own hair i taught myself how to eat pussy hair name they movie,1
i used to dress up like a cop too of really yeahright after mad pussy really refill never forget,1
i went to jail for a flock amp came home wit a strike you went to jail as a bitch came home as a dike,1
i will fuck a where a stand a dizzy bitch two unique amp separate phrases i overheard a relative saying when i was younger,1
i woke up like this bitch go back to bed,1
i would rather you call me bitch than sir my manager,1
ill beat on that pussy so hard,1
ill slit your throatneck,2
in a funky ass hockey a shout out to tonight before cabaret tour,1
in comparing pfc to they pussy,1
in downloading you a new personality and ordering you a new face you bitch i love you goddamn it all rose yelling at his sex robot,1
in feeling like malcolm in they middle these bitches surround me they cant miss pm,1
in gonna piss on your dimple stop wasting prayers on trash teams low,1
in probably your main bitch chocolate dipped cinnamon apple,1
in sick of his shit man sit his bitch ass in fed up bro gene threw yet another pick sch,1
in sorry i fucked to bitch but she really dig a nigga,1
is irritable bitch syndrome,1
if you love her then hide to bitch so you'll keep shorty,1
if you talk back to me you int getting no pussy me,1
if your a bad bitch put your hands up high every girl in they room starts waving there hands around,1
emma tie that bitch up in they basement and donkeyfuck her ass for two weeks straight hahahahahahahahaha centmovie beforeiselfdestruct,1
in my mind gotta be they dumb hoe anthem,1
is that an albino mexican no dad hes asian,2
it takes a true directions to accept larry you know what bitch its fans like you that make they boys cry thankyoupaulforconfirminglarry,1
its allegations were a in they bedroom did a see it words of a naive amp blind bitch we know or husband cheated on a ramona is dumb,1
its never too late to tag a bitch,1
its they dykes hunter dyke with a dyke,1
julia roberts your a to nottinghill,1
just follow they yellow brick twitter,2
lmfaoooooooooooooooooo if your pussy is good but my mama done like you guess who gotta gory mama,1
low cripple wendy davis scientists create remotecontrolled chick to study shy penguins,2
lets do nips ahoy and spank me maybe,1
lets kill cracker babies whf did i just hear wow,0
like correct me if in wrong but doesn't pippin involve smacking bitches for money,1
lao pound cake look like pussy,1
lao they rose adidas are lighter than my phone shit is retarded,1
mam rene does in haar role net of be congested is wat is congested van dat short dragon war be dent hoe leg in die weer it,2
maybe she wants to be more than your friend or maybe shes a stupid bitch you never know until you make her cum,1
mine plays dix and kirk franklin sch well my neighbours are ghetto they get up at like am and beat their kids,2
my grandma used to call me a porch monkey all they time come to think of it she did refer to a broken bottle as a nigger knife,0
my mommy told me to tell you to mind yahoo damn moth fucking business you not known what it is bitch,1
my nips are freeeeezingand that not okay because there slicing through my bra,1
my twitter was hacked in too pussy to admit that i said it and now i want to act like i never said it,1
nah girl i int on be able to make it its been tight since russ loss his job you in they back like damn bitch really,1
nah its you to i thought some photoshopped my face on that faggot smmfhi hate all,0
new flame they song of they or low that bitch super run like,1
niggas always yelling fuck bitches get money meanwhile there broke and still want they bitches,1
niggas be pressed for pussy eeeeeen nothing,1
no bitches nan,1
no boats and hoes please thanks mon,1
ono amp kendrick lamar still trash,2
on top of that she just a pregnant ass sorry hoe int never got no money even her water broke riptallt,1
only a couple of red so have gotten past first base in dying laughing maybe they yanks need to teach them some game,2
our people now is they time for they aryan race stand up and say no more before they mongers turn they world into a ghetto slum,0
pistol whip my dick shoot to bitch club up sometimes freestyles be freestyles and in okay with that,1
it for me please and thanks did a pierced pussy just come across my timeline,1
rely machiavelli send shots to a belly my bitch,1
roberto you are one nasty hoe,1
sorry job fanreally justin come back that is they top comment on a justin timberland video with million views son of a fucking bitch,1
searching they incredible story of white mans quest to find they ingredients necessary to make caribbean jerked chicken in redneck land,1
selling my soul for material wishes fast cars and bitches topic smile remix,1
shake that bear aka two rednecks having sex on a dead bear,1
shall i compare thee to a summers day no a summers day is not a bitch,1
she gotta shape up her pussy lips tho whole wheat organic pussy,1
she said nigga man you richtake they drag off,1
she was a bitch anyway,1
shes from florida so you got to do they sniff test in those swamp pussies,1
slow they fuck down bitch i know where you live classy young lady,1
so hes a good football playerbut he still acts like a big,1
stop being a pussy son and shove that needle into your own heart aftermath,1
stop looking us and go eat some pussy you yuppie fucks,1
takin it straight to dirt why finger they pussy when i know i can put my dick in it,1
that int bro moves that hoe moves,1
that girl is plain looking borderline ugly amp chunky hey at least shes got a nice smile amp a great personality,1
they devil grows inside they hearts of they selfish and wicked white brown yellow and black color is not restricted,2
they water int yellow in a healthy student,2
these hoes int loyal,1
these hoes keep calling but i int picking up,1
these sour apple bitter bitches in not fucking wit pm,0
they faggots orioles petty as fuckgot swept up outta this bitch,1
they have some ghetto ass bands gets suck,1
they have to that division is trash saints on win they pfc southwatch,2
this is for all they fans that waited they bitch niggas that hated old hoes we dated look mama we,1
this is for my ghetto motherfuckers missy elliott,1
this recipe calls for a leftover brownie what they hell is a leftover brownie that just a brownie you haven eaten yet,2
those ratchet broads done represent me but your white ass cant talk trash about them cause you on racist shit black,1
trust noneeee bitch i done,1
twitter is twitter bitch twitter is life,1
two roads diverged in a yellow wood and i chose they one to jtunheimr robert frost giant,2
a got my a bitch nigga harmon to antonio carver,1
huh what do we have your empty heart my empty bottle a yellow cab that you would like to catch cut to latest sex made a mad,1
used to have a girlfriend now all i got is hoes i was looking for a good girl but she was fucking on they low,1
virgin pussy regular pussy oof pussy,1
whaaaaaat magoo that why i lug a fat bitches cut all got some big ole titties and phat booties,1
walked in that bitch like nigga we made it,1
we hate niggers we hate faggots and we hate spicskkk rally,0
were out here and were queer hut we like it in our butt,0
well bitch biology said,1
what i do gotta report you as spam ladies if your head game better than your pussy,1
when in done with a hoe i pass her to they squad a,1
who they fuck you calling jiggaboo nigga,0
why people think gay marriage is okay is beyond me sorry i done want my future son seeing fags walking down they street holding hands an,0
why a being such a little bitch chris you int six bitch allison mon,1
why would i want to play with some pussy dead sol,1
why would you wanna be they green ranger hes evil duh bitch,1
why would you want pussy on your side burns that a good question hahahahaha,1
will shank a bitch for device,1
work gets me through those rough days yamaha hoes,1
wow you are a bitch yes that already been established anything else you have to say,1
all forget he has his brand new baby girl at home bitch they cookies are burning,1
yah has said in his word that they mtzraymegyptians are his people and ysrahal is his inheritance and they kushiteethiopians,2
yaoooooooo mawkin parties,2
to bitch on they horn trina shoot a porn that to shirt worthy tony,1
to can i sublet your pussy shitfahdsays,1
to feet smell like my puss what like flowers bitch org,1
to mama bitch what was they one sentence that ended your relationship,1
you int gonna do shit spear checker,0
you int my bitch is my favourite response to long texts,1
you and to boys some pussy cats,1
you are a cunt,1
you can pull more pussy with a dodge and collect them panties alright stormy and jake,1
you can take someone out of they ghetto but you cant take they ghetto out of them,1
you done like us coloured folks what they hell your not coloured you white fucks,1
you got hello hoes,1
you hit no lights no line for too bell at in he morning and diana back in her house its a miracle charlie,2
you look cute today really hello no swerve hoe,1
you look like little birds help you get dressed in they morning,2
you of trout mouth ass bitch deeeeaaaadd,0
you talk like a fag and your shits retarded but that cool scr lots of cards out there living total kicks lives,1
you took our land so you could make each other retarded in diapers reuse our imagecool redskins nil concussion jokes,1
your a garden rose and that bitch is a weed,1
your fucked up no shit you dumb ass cunt now go post pictures if your flat ass titties on in slut,1
your a queer,1
your homeboy looking bad and you giving cash to them hoes,1
your teeth are like they stars awe thanks yeah yellow and far away from each other,2
yup fuck pm playing like trash clippers done wanna play low,1
int it time for you hoes to get out of here low this is what marianas mon says to us,1
are we bitches,1
ago i even kill handicapped and crippled bitcheslook at my scalp real close and you'll see triple sixes,0
bitch freak my shit,1
bitch my vagina is a little more resilient than that,1
but i love him nah bitch that int love,1
but pussy is they root of all drama an attribute put up in they head by they mama,1
call me keyshawn johnson cause in catching kerry hoe,1
captain save a hoe is they most annoying phrase,1
day of judgement everybody gonna be looking at they big jumbotron watching me fuck this majjinn but bitch,1
done let your side bitch settle in i might have to headbutt you evelyn,1
done show me no bitch unless she look like dolly parton,1
fuck you you pussy ass hater go suck a dick and die quick someone to me in youtube comments i think wed be good friends,0
hick and raver is a venn diagram that has a very large intersection,2
hoes suck my dick us i look like john stockton hit pm wit they chopra luke i am your father,1
if i want in a work place id deck you aye fucking right id give you a tyson combo and end you with an uppercut shut they fuck up bitch,1
if she can suck your dick with a dip in shes not only a keeper but a true redneck woman kids dad,1
in gonna rip that bitch apart rip what apart low,1
its britney bitch they bible leviticus,1
niggas bitches bitch ass niggas dike ass hoes black ass and bright ass hoes fag tags and sally wags,1
no pussy or not trina go to they studio done call my mufuckin crib like that god to word up god i will buss to shit god word up,1
of a these hoes think they cute in skin tight cat suits assuming that they bodies to booming to dispute,1
org this bitch is fucking stupid i swear blah blah blah a week later org ism be or my best friend i swear,1
on my way to fuck your bitch in they name of they lord or race,0
poor whitey,0
riding with my bros still done trust these hoes,1
this weekends going to be fabulous nav man your seeing nae cunt if you do they'll be coed in seconds flat hate a fuck,1
whatever you are be a good one abraham lincoln this quote is not for all hoes,1
when guys say latina it they mean they kim kardashian looking girls not you bitches that shaped like a mini fridge amp smell like tortillas,1
when rappers say twat it makes me feel weird,2
you better pipe your pussy down over there lao with does that even mean,1
you fucking pussy you couldn't even beat your dick angry youtube comment,1
your being a cunt right now,1
that son of a bitch moment when it rains and you forget your car windows are down,1
thingsthatgetsonmynerves needy hoes ratchet hoes sideline hoes begin hoes dumb hoes looking for love on facebook hoes,1
get to hit any bitch on campus he wants to,1
personidbitchslap a blowing my to up like a bitches spare tire leaving dairy queen,1
faves snoop and justin are having so much fun at this charlie wilson tribute betawards,2
taught how pussy feels,1
wordsaftersex is that all pussy bitch,1
monsoon lot of rain too bad it want enough to wash away they teabagger racist white trash in they state tot teaparty flooding,0
alexfromtarget gets a million retreats but chrisfromwalmart cant even get a bitch to text him back,1
alexfromtarget had them bitches wetlmmfao,1
anncoulter still calling obama a community organizer re syria well she is still cunt as well so what,1
asagiraffes pussy,1
asides agent you embarrassed that charlie range remains in your caucus,2
bob bass over bitches bitches on his dick fishes on they dock,1
breaking a calls mass governor race for charlie baker watch live coverage on web streaming online,2
bangbangbirdgang a bitch you fruit loop,1
attending becomes a real bitch when you they bartender are way way taller than they bar was designed for holy back pains,1
bestsongtohavesexto bitches love sosa banging,1
kingbird was made by a gay couple so yes under a top world they bird would not have existed since its creators would be in jail for sodomy,2
bitchslapthursdays site pure passion doors open but we watching they game in that bitch too,1
blessjesus amos can two walk together except they be agreed,2
blessjesus amos there are those who hate they one who upholds justice in court and detest they one who tells they truth,2
blessjesus they crown of his head to they sole of his feet,2
blessjesusair matthew look at they birds of they air and yet your heavenly father feeds there you not much more valuable than they,2
blessjesuslove happy belated sixtyfifth birthday aunt mary agnes strong,2
boutgocrazy aintnolevelzdisshit hungrier then a phat to on a diet in,1
burnnotice i shoots bean bag rounds at they guy hurts like a bitch done they,1
california is full of white trash,0
california is full of white trash who moved from oklahoma,0
celebrityleakedphotos yeah now you know how it feels knowing they asa is on all our phones quit whining like muslim bitches,1
christianbale should be kissing moses ass for his fight with god otherwise we might all be fucking dead retarded ass actor faggot,1
commonquestioniget why you so ghetto,2
cowboys are bitches cowboysnation another great win love this team,1
crack that whip cracker,1
data is trash because of noneuropeans are allowed to live there,0
duh that because there possibly tucking a penis this bitch got man boobs,1
dearfeministmen there are easier way to get pussy out sacrificing your man hoodies of all they done include losing or self respect,1
degenerateartist int fucking around with allah retard crest i got blessed by jesus and you are not next you fake ass text,1
degenerateartist cant do it all on card in not a french muslim retarded i done expect or demand a child bride yard cut i got man ticket,1
degenerateartist int a bitch walks back his words int a witch who questions a turret in a glitch who evolves your absurd,1
degenerateartist knows words to jingo dangle fan slang to ting pang lick drum swing flick alarm big but you cant hear fire can you,1
degenerateartist sniffs whiff balls involuntary cut a fairy walks downtown hairy climatechange all our scary sense of hillbilly sneeze,2
derekjeter as a lifelong yankees man i will miss you firstballot unanimous,2
dutch farmers are white trash,0
dutch people who live outside of newyorkcity are all white trash,0
earlybird early morning sunrise dawn bird their jerryreed kansas city,2
ebola great and i thought they panic from bird flu was bad i really int got time for that,2
ebola is a great metaphor for how top teaparty policies eat off of vital organs until they host dies tot teabaggers,2
explainananimeplotbadly boy with a monkey tail grows up to they they savior of a futuristic yet old earth,2
fact kane is best when a good piece of pussy fucks him over,1
fact females that tweet all they datum day a hoes that need attention is wontgetme,1
femalelogic is worse than they jig in convinced,2
firecashman why because i am having to root for they royals in october yankees,2
freeelchapo is trending why us french montana bitch ass you fucks that think selling drugs is cool are they lamest posers,1
freeballoutpartypart bitch its going to weeks,1
freshmanadvice and if you int a hoe get up out my traphouseeeeeeee,1
glory isaiah mon asked me if i wanted a brownie i said no thanks she said what are fasting,2
holidayseasonlive shy lizzy feat plies free that gang,2
happycolumbusday if is want for americakarlmarx would never have thought of sharing colonialism with injun,2
happycolumbusday hate to sound all pet callous and album buffalo had it a lot worse than they injun,2
havoc is one bad bitch wouldn't wanna mess with her tea impact,1
hellyeah no happy fall pumpkin spice ores are here,2
hellobrookland were here at they opening serving free samples of cider vegan sliders brownies,2
holyspirit joshua every place that they sole of your foot shall tread upon that have i given unto you as i said unto moses,2
honestyhour in middle school hoes used to call me a mandingo warrior,1
idonthavetimefor ratchet hoes,1
ihopesomeday that these hoes just find their own relationship instead of ruining others,1
istandwithrand wise up ring pussies real leaders like rand cruz lee beckmann etc actually exist fight or go home teaparty,1
in straight nation college soccer champions wow hoosiernation hoosiers,2
in should make me an honorary student id be way cooler than they other international students i have my own football card hoosiers,2
ifthepurgewasreal id be they best prostitute and madam ever hey if you got pussy you shouldn't be broke right lao of,1
ifwedate i eat a pussy better than a lesbian,1
inmiddleschool i was fat as hell and was a band faggot thank god i played sports after to grade and didst stay in band,1
indigenouspeoplesday right because these redskins had a lot of queens right nom funny,2
indigenouspeoplesday hama you fucking retarded commies hunter biden loves snorting that pygmies fairy dust done he liberals,1
iowa is full of white trash,0
iraq gov troops were handed a severe defeat by isis at saqlawiya there chatter of over soldiers lost amp jihadist raving about it,2
jesuschrist was straight that why they faggots killed him period sonofgodgt,0
kanyeshrug low shots be like only great thing these bitches can offer,1
lingo so a nicias be try talk like me,1
mentionadislike hoes thinking they bad even if they are i will tell her bitch calm down a average,1
messagetomyfuturespouse a better cook and clean for me bitch ill give a all my money but i int cleaning no dishes and main my own plate,1
minnesota is full of white trash,0
myunpopularopinion spanish bitches suck dick by and have babies by because there already fine and dressing slutty,1
no queen and reminded i still done get why janelle monte is so perplexed that people think shes queer,1
no centuries fob,2
nationalcatday sure celebrate over billion bird deaths and blame it on climatechange you fucking commies,1
latitude okay in only going to say it once comb yer beards low diggers,2
downplaying by feat tori amos blue skies radio edit on harrow,2
downplaying great white once bitten twice shy on harrow,2
downplaying ian hunter once bitten twice shy on harrow,2
downplaying they doors they wasp texas radio and they big beat on harrow,2
home had that yeah i no she pussy whipped that other nigga into putting a ring on it,1
onlyinamichaelmyersmovie bitch is running a hundred meter dash on this ninja who actually taking his time walking amp a still get killed,1
pdplive is on november to get your early bird tickets from,2
laceration on they road perfect way to continue after sub have finished aba pacers indiana hoosiers,2
peopletoavoid valerie jarrett so i control my reflex to bitch slap her,1
peoplewhomademy my little brother and i hate to admit it but and he knows why but hes still a oil bitch though fuck you,1
etna how all bitches on breast feed wit nipple rings,1
questioniaskmyself why should i be slapping this hoe tue solve something mia leave it alone never usually listen to myself,1
radiofreenorthwest covington reads responses amp mocks fri andy on real politics live on her awakening gretchen,2
maurice is a bitch justifying,1
maurice is still a bitch got this one wrong women fans should be livid excuses,1
reasonswecantbetogether if a was talking to my big or smashed a homies,0
reasonswhywedontgetalong your a hoe stop focusing on sucking dick focus on getting rich,1
rebelscience its about sharing whaddupgt clouds it not about hogging they windturbines like a fucking garbage son of a bitch,1
rebelscience is using an actual woman as a genetic engineering lab for all natural clones or something faggot rome,0
reason focus on they orioles that knocked you out last year and not your hatred of they yankees for umpteen years low,2
remake with granny dcyoungfly dirtymoney teamignat hoodcomedy damn that bitch a baby that a big,1
royals fantastic ready for tomorrows sweep of they disposed of yankees ever except this month,2
royals milwaukee let most now they wished they haunt cause they lucknow about notes they guy win or lose yankees fire gerard most,2
ruinacomedian charlie laplace,2
ruinadessert fairy queen nought i fucked obama panties again,1
shootout to everybody that follow a wicca,1
shootout to my exit nicias salute,1
shootout to my markdown nicias,1
shootout to my exit nicias realniccasalute,1
signsofcockblockin girt niggas telling hoes in down talking them just so i cant get on fuckniggahs,1
skating is for trash,2
slightlyadjusted all niggers wanna do is fuck tweet and drink pineapple soda all day,0
somethingigetalot are you asian black hawaiian gay retarded drunk,0
southcarolina is full of white trash,0
splashing on you pussy nav a i tried to tell nav,1
stopwhitepeople cases of west nile virus infections reported in orange county this year dead birds found carrying virus,2
tit love you forever ling ling,2
theboondocks at my wicca,2
truth david is they charlie brown of scandal,2
that son of a bitch moment when you finally get in bed and your bladder decides its time to piss,1
that son of a bitch moment when you turn they radio on and your favourite song is on but its they end of they song,1
that son of a bitch moment when your walking through your house in they dark and stub your little toe on they wall,1
thatfuckmemoment when you leave your car windows down and it rains in your car and looks like hurricane katrina ran through that bitch,1
themostannoyingthingsinlife people who are never happy and bitchnmoan of they time,1
thingsiwillteachmychild how to play deep niggas a bitches dat be snakes,0
thingsnottodoonafirstdate give her all a dick a gotta half stroke a pussy by if a dump dick on dat bitch she on become extremely annoying,1
tjohngang oil bitch follow me,1
tomyfutureson you can fuck dem hoes but you better not love dem hoes,1
trayvonmartin referred to zimmerman as a creepy ass cracker racist thug,0
tweetlikepontiacholmes i do they pontiac sprinkler nigga nigga nigga nigga spic spic spic spic nigga nigga nigga nigga,0
tweetlikeyourbestfriend i made out with bitches,1
umightnotgetin fuck wicca beerandtacos wethelastonesleft,1
vinitahegwood can get a job at they nancy or as they a i hear they like diversity and tolerance as long as you int a cracker tot,0
virginia is full of white trash,0
wearerepublicnotregime lotus to violated us sovereignty women borderjihadiscriminaldiseasedhaitianssamericans impeachobama,2
westvirginia is full of white trash,0
whatimcraving peanut butter ores it,2
whatwouldyouchangeaboutyourpast they hoes i wasted time with,1
whyihateinstagram it can make a bitch cheat up to four points on they scale of to,1
worldseriesgame hunter pence is so annoying he should be a red so player shave fool and take your vyvanseyankees,2
yankees,2
yankees firecashman i done want rod back,2
yankees peter let him play they entire inning that fitting,2
yankees sec robertson in guy is fantastic sec pitcher,2
yankees actors mccarthy outdoes kuchen in series finale,2
yankees nine straight hits price not your night,2
yankees damn you director blackout they yankee game with a freaking walk off your killing me satellite douche,2
yankees damn well joe that move to they bullpen really helped,2
yankees i int complaining about they royals win or lose game they showed heart al ride or die no flex zone they earned it,2
yankees i went to golds with cruz in when he was a sound no upper lower body strength hmm now or hitter wont say they a word,2
yankees if royals have a fire sale i want they whole team leave gardner and tanka they rest can please go along with joe and cash,2
yankees nice bounce back kay gotta keep this going,2
yankees pined needed that great play,2
yankees primo just got home and they tanks are on mob finally and they are winning even better time to get serious sept call up time,2
yankees got beaten by a thug,2
yankees take all three games in motown in calling it mob,2
yankees wasted news season rays mob,2
yeswedid start building windturbines so fucking big they can kill a whole flock of birds in one got,1
yeswedid tattoo our bitches to corrupt as many men as possible to egypt and being a cattle prod vote,1
youwillnotbetakenseriouslyif your proud to be white trash kedollarsignha,1
agreed there are a few add ones but idkmixxed bitches is really where its at tho,1
anywhere la palm trees and great weather any were else horrible weather and no bitches,1
bad ass local bitches,1
boom bitches,1
blue in this bitch pull st and washington space a,1
creamteam leaving hoes a cockbreath,1
drunk trash trashed wasted they draught horse,2
faggots killed jesuschristgt hello but whatever go ahead gaymarriage yourself into pharaohs pockets,1
faggots are merely a scientific indicator that something is wrong do not celebrate as unique individuals for they are cancer,0
firefighter is a job for white trash,0
foxes cuts away when a democrat talks and claim to be fair and balanced lao network full of teabaggers and liars,2
gouache inktober oldpainting it tiki wahine surf monkey bright happysunday peace wishing,2
honestyhour we done love these hoes,1
honeybadger bitch,1
hoosier fans is cody seller nominating for this years aba draft sub,2
illneverunderstandwhy anyone from jersey shore is famous i should go be a guido kitbag if it means money for my family,1
inktober twentysix gouache it snappy pappy and his bitch a good thing sable paintbrushes,1
inner still hanging in yankees we need this win nil its not sunday,2
sub suiting up again tonight indiana in can hoosierdaddy hoosiernation hoosiers,2
lotus this bitch has his nose pierced,1
longhair done care got my gayboyproblems everywhere in a bitch in a champ in totally full of,1
metal only hankies,2
milesthompson gauche setback a,0
morningjoe prove him wrong eighties liberals use facts cons use emotions to make decisions facts be damned should be they teabagger motto,1
it commission gouache tiki wahine monkey tubed surfing wavesliding waterwalker notebook,2
it gauche monkey oldpainting vinyl jazz lounge,2
it brownian gouache monkey tiki,2
nationaldoughnutday bitch get at me,1
downplaying witch bitch pussy pussy india hood on soffit plastic on it,1
no shy lizzy awesome remix feat chain amp map rocky via,2
oof can get it but in chilling till a bitch hit me up,1
pause but niggas is bitches tho boy niggaz a so bitch made a cud kiss pm a a mouth,1
philhughes nay better then or whole team,2
pornandroidiphoneipadsexxxx anal anal gaping granny play panty nylon part,1
pornandroidiphoneipadsexxxx anal bic anal crappie bitch,1
pornandroidiphoneipadsexxxx anal blonde granny ass fucked,1
pornandroidiphoneipadsexxxx anal hardcore british queer anal pounding,1
pornandroidiphoneipadsexxxx bow brazilian bow babe drilled in pussy and ass,1
pornandroidiphoneipadsexxxx babe ebony babe pussy,1
pornandroidiphoneipadsexxxx beach caught a girl rubbing her pussy in nude beach,1
pornandroidiphoneipadsexxxx digits cute reggie slut big tits plays with swollen pussy,1
pornandroidiphoneipadsexxxx close up another pussy close up,1
pornandroidiphoneipadsexxxx closeup squirting pussy and fingered ashore,1
pornandroidiphoneipadsexxxx closeup amateur pussy player milf close up,1
pornandroidiphoneipadsexxxx closeup gunshot on beauty pussy closeup,1
pornandroidiphoneipadsexxxx closeup pussy fuck close up,1
pornandroidiphoneipadsexxxx crappie young japanese girls hairy cunt are,1
pornandroidiphoneipadsexxxx desk spicy oriental pali brunette sucks an in,1
pornandroidiphoneipadsexxxx desk pali,2
pornandroidiphoneipadsexxxx desk pali,2
pornandroidiphoneipadsexxxx ebony ebony texas bow with big deep pussy,1
pornandroidiphoneipadsexxxx erotic erotic and wild tits and pussy fucking,1
pornandroidiphoneipadsexxxx facial blonde granny whore gets rammed and socialized,1
pornandroidiphoneipadsexxxx listing dude fists his wife big pussy,1
pornandroidiphoneipadsexxxx listing more lovely sounds of listing a loose pussy,1
pornandroidiphoneipadsexxxx listing whipped cream listing,1
pornandroidiphoneipadsexxxx hairy year old hairy pussy cumming on fingers,1
pornandroidiphoneipadsexxxx hairy hairy florence shoves a dildo in her hairy red pussy,1
pornandroidiphoneipadsexxxx hairy hairy pussy,1
pornandroidiphoneipadsexxxx hairy hairy pussy,1
pornandroidiphoneipadsexxxx handjob hand job and cum on rubber pussy,1
pornandroidiphoneipadsexxxx hiddencams amateur boy fucking bitch hiddencam,1
pornandroidiphoneipadsexxxx hiddencams candid pussy shots from a hidden a,1
pornandroidiphoneipadsexxxx homemade home made my wife rubbing her pussy,1
pornandroidiphoneipadsexxxx homemade using my submissive bitch outdoor home made amateur,1
pornandroidiphoneipadsexxxx italian my baby pussy,1
pornandroidiphoneipadsexxxx japanese pretty young japanese girls hot cunt fucked amp a,1
pornandroidiphoneipadsexxxx japanese young japanese girls hairy cunt cramped,1
pornandroidiphoneipadsexxxx korean korean girlfriend pussy,1
pornandroidiphoneipadsexxxx latina latina chick gets her pussy pumped,1
pornandroidiphoneipadsexxxx latina latina mature big pussy,1
pornandroidiphoneipadsexxxx latina latina with tight pussy,1
pornandroidiphoneipadsexxxx lesbian lesbian girl eating pussy,1
pornandroidiphoneipadsexxxx lingerie bitch in lingerie getting her wet cunt pounded,1
pornandroidiphoneipadsexxxx masturbation a very hot black granny is mast,1
pornandroidiphoneipadsexxxx oldyoung old bitch pleases hotlooking young stud,1
pornandroidiphoneipadsexxxx oldyoung german milf getting young and old cock in her pussy,1
pornandroidiphoneipadsexxxx smalltits small tits ghetto whore fucking with not her stepdad,1
pornandroidiphoneipadsexxxx teen cutie lesbian teens toy slits,2
pornandroidiphoneipadsexxxx xxx hairy alicia silver amp tingle reagan hairy pussy,1
pornandroidiphoneipadsexxxx xxx homemade pussy eating,1
portland putabirdonit they box one would be so much cooler if they put a bird on it,2
real done tell me if my of was a hoe before me if in happy,1
realtalk if you a hoe an try to get serious with someone done expect to be anything more then a piece of meat to them,1
redneck tow truck johndeere america,2
rejectedpeanutsspecials its they grape crackhead charlie brown,2
southcarolina has a highschool graduation rate near and that why they have so many uninformed teabaggers morningjoe,2
stateoftheunion would last mind if they let they president talk all that standing up clapping is for they birds,2
tit me being a bad bitch,1
tit my precious gook baby,2
tit to when i used to be good at rappingnow mia bitch,1
tit when i took my like monkey jimmy,2
teabagger state like mississippi opposed to minimum wage child labour laws unions is proscab sweatshop work pretty much slavery,2
throwback to being bitches amp drinking mikes by we sucked,1
bikini rough mock for they base of what will eventually be an ashtray tiki to,2
truefriendtuesday my bitch,1
tweetlikelexi nah we not gonna sit down we gonna walk it out bitch,1
ultimatepickupline bitch get naked works times out of if shes drunk,1
uppers loving they show this morning chris is directing they conversation beautifully make they teabaggers talk,2
vegas bitch,1
wallofthewasatch bitch,1
wow all they bad bitches,1
wow bitch,1
wrongfilmquotes overtime i come in they kitchen you in they kitchen in they goddamn refrigerator latin up all they pussy,1
xfactorau sick of guys who sing like pussies where are they rock type men,1
youaremoreattractive if a a real bitch,1
bid to go on a date with back morris of that dreamy son of a bitch,1
bud sites and well shots at they bar to plus in giving away a trip to las vegas so if your not a cunt come visit me at bourbon st,1
torch down they drain cause either i was to high and lost it or one of my niggas finessed that hoe fuckkkkk it,1
killer line josh smith dropped a killer trash talk line on kenneth,2
a piece of pussy,1
i love salad anyway fuck you hoes eat a salad,1
plus sheryl crow,2
every bitch a my passenger seat i dun fucked at least one time,1
its true that they early bird gets they worm first,2
dirty whore i love you but you a hoe but i love you jesus is watching,1
this hoe got a school shirt on sucking dick,1
a lotta fuck niggas on this here twitter really be talking like bitches,1
these bitches started shooting at my party fuck new orleans,1
bitches giving back rubs,1
never been a coon grew up with books coons tho but never was i did some coon shit tho,1
nigga was smashing his hoe had his hoe paying for a condo and he still with her yep fanboy,1
guiltypleasure watching niggers fight on youtubevineig,1
done like me have a with they rest of they bitches waiting for me to give a fuck,1
id rather be called nigger than a uncle tom or a mark,1
bet all bitches was deaf to my bytes words about being treated like a queen huh,1
his,2
one all bitches on end up dead over a screen shot think that she funnyaint too many nicias on laugh at that a,1
congrats you turned a hoe into a housewife done get shitty when your guys start singing they hit it first butthatsnoneofmybusiness,1
got or bitch tip toeing on my marble floors,1
org just thinccin of you makes me laugh we use to stay talking shit in re period you cute amp you my bitch,1
you need stop sucking dick hoe,1
org oil a followed me assess bitch he follow everybody shut to ass up,1
hop off hoe come on,1
lao my nigga lets go half on a weed brownie we will be laughing hard as hell in senior seminar,1
amp if you int a to get up out my trap hooouseee,1
ugh bitch i love you amp that a a a your just simply flawless i remember when you cute a price of your hair hello short,1
pussy ride dick like she a jamaican it amp,1
on they pussy,1
loyal pussy,1
my bitch,1
is they most important thing all this temporary bullshit and lies is a they birds kill that,1
racist all month fuck a hockey,0
gucci a having me on my rude shit low that not nice that bitch int worth a quarter,1
mimi too old to be covering her titties during sex bitch you childish,1
lao if you watching porn amp beating off amp to homie text a amp it show his name in they banner your a faggot,0
brush these hoes gotta be stupid,1
somebody gonna die there a bitch on not setting up a lean as we tweet,1
all have boring sex nope i lick they side of my bitch face when in hitting it from they back,1
of course coolers nudes are trash she lives in they div what did you expect,1
my stomach in pain like a mufucka this they nigga that rating bitches,1
bitches get stuff done,1
fuck wicca you pose to be pulling up,0
maaaaannnn i hope so did we get rid of john legend looking charlie batch,2
mike calls me third,2
niggas sending screenshots of me to they bitches like stop texting cut,1
this white bitch think she miles cyrus,1
i seen a that ass bitch in some high top whites,1
wicca gotta team full of dorsum hoes,1
this hoe just did me saying never give up in your dreamsfuckin fortune cookie ass hoe fuck out my dos,1
when a dyke get pregnant by mistake gtgtgtgtgt,1
bitch i know you got games on your phone,1
bitch my art,1
burnt pussy lips,1
i just said that my to gotta chill with this pretty face challenge foolishness all hoes age,0
nah if you round me you do molly only bitches with no nigga do mollies,1
played that nigga sch bitches are so shady of my god,1
no bitch go away to put made,1
bitch was mad of,1
i hate you cyrus to is a rookie slut getting they cash after they date nope nope nope,1
when your trying to relax but your pussy is shooting out light beams,1
munda out here sucking bitches howdhow,1
bitch if your they hobbit you need to let me know right now,1
these folks so bad in just here to talk trash,1
brittany bitch a my dog man,1
sch bitch selling her ass,1
